idadmin,admin_name,idadmin_hashed_pass,idadmin_salt
567,Francois,99C5E07B4D5DE9D18C350CDF64C5AA3D,1804E2D15E6B825A6A624F03D1AC6A59
417,Sibel,41AE36ECB9B3EEE609D05B90C14222FB,F96AA0A7E9417C061286807D6689B1AE
435,Cindi,DDB30680A691D157187EE1CF9E896D03,224D13781C37796E4903D33E327D18F1
432,Harp,248E844336797EC98478F85E7626DE4A,BCFB625E9E1B8488CE3619624C8956D5
530,Grier,D64A340BCB633F536D56E51874281454,57A1F97EB9AB9E7E5AAD9461C48C5B7F
416,Foster,8FE0093BB30D6F8C31474BD0764E6AC0,8CFCBB73EF6C34724F2FF808C37D426B
553,Milissent,F387624DF552CEA2F369918C5E1E12BC,4C26ED5FC243A13DBDAE83F3193DC84
403,Maridel,BBF94B34EB32268ADA57A3BE5062FE7D,BF0D0C9D4158B1E17660B94CE55A5153
415,Archie,42E7AAA88B48137A16A1ACD04ED91125,FFD94CA9809AF6CC39BA42C8CB55E4AC
599,Vernen,3435C378BB76D4357324DD7E69F3CD18,6F461CBA54B3516D583B79A3FD2ACC70
411,Byran,17D63B1625C816C22647A73E1482372B,2AE5604435913113D9E4041B3A628CDB
476,Roseline,598B3E71EC378BD83E0A727608B5DB01,1CDACD4999FA02B1BE8D523D92E28B46
431,Si,66368270FFD51418EC58BD793F2D9B1B,40D63BF686AEAA32DDE245B1389C5039
578,Tammie,A8849B052492B5106526B2331E526138,25C863CC787747CF6F33B1548F89F156
428,Linn,8D7D8EE069CB0CBBF816BBB65D56947E,99364B3B756AC0FDA9792C905758AD3C
