idclients,clients_hashed_pass,clients_salt,clients_name,clients_surname
3241,A64BD53139F71961C5C31A9AF03D775E,7CB526D7B84B7C7ADFA276466B7CEEC6,Worthy,Ormerod
3421,E846FB8A4F365CA8E84393D4F34E1B07,CE85BFA5953CF077DB936AA51C586FF3,Inge,MacNeachtain
3530,30A0B73609456022AE729282FD9753D4,8204CF5D4845C1EE3B5D1B85EB295AE7,Robers,Stapleton
3162,D60678E8F2BA9C540798EBBDE31177E8,15937CB07EE3E28287CDD135A8248256,Nanine,Grenkov
3505,2A3D6D6CC4B5E77238C1FC1BB6CDD681,60D686D73DB9CFF4CA4C4323CC098221,Dewitt,Bunnell
3064,494BA9FF03BDAD881378A6FD4092A6C7,A6984173FAB868E8A56C6851C473F63F,Edik,Minet
3132,FB2606A5068901DA92473666256E6E5B,AA5BDC5371C3FF7DC63D7BBB920ADDB1,Ritchie,Dimmick
3106,4AEC1B3435C52ABBDF8334EA0E7141E0,EDF40D6C1D154095ECFCF2871D58D2B4,Sula,Eberst
3619,820E694038FADBF9B60B834215B46FDB,6927339B69DB0416C69FA88F37E6CF96,Dari,Filyukov
3557,51DA85A3C3DFA1F360B48852B64218B2,8492FA97464DEE96854922CB0FCC44A5,Ly,Hanster
3294,7A430339C10C642C4B2251756FD1B484,771622251A433D945A96EEB897F7A8BF,Oswald,Skitteral
3380,F2BFF080785C76AA81DBAFFCE7DEA0AD,E1FB726F1A3C3C4BC817644ECD04AEDB,Dale,Scrane
3767,D74CB35426F3D808325876F45B69DBF1,075FD4961A9B19E0593F257BC05AB4B,Gordy,Riches
3112,87F4D79E36D68C3031CCF6C55E9BBD39,C573F09A6F48A1D8ABAAA9FEF146744A,Anissa,Thody
3269,C91E3483CF4F90057D02AA492D2B25B1,046DDCC431FCA93FDADF28FD3DCA2ABF,Jany,Flagg
3288,B98249B38337C5088BBC660D8F872D6A,0D86EE70BF3730FA9A224C8E89D0B9F9,Trevar,Shiell
3383,0668E20B3C9E9185B04B3D2A9DC8FA2D,5D6083C8F9D301ADAC9C3880679455AE,Ivie,Collibear
3293,CA3EC598002D2E7662E2EF4BDD58278B,7363D7324668B17283BD554CAFD133FF,Giff,Mathieson
3616,78D69F40906679A976DC4D45CEBFFBE6,3253734A7884002F7766DF2D1106A67B,Samuele,Sandy
3353,8B9E7AB295E87570551DB122A04C6F7C,E7EF5067E18D36549F008D541A2B5270,Bone,Bazek
3884,8DCF2420E78A64333A59674678FB283B,5475EA39362FC693C160F582B7F4DDB2,Else,Grunbaum
3060,0A5C79B1EAF15445DA252ADA718857E9,E89AE9C907DEFDC990FD6C6609FBBD26,Gracie,Conner
3437,C2F32522A84D5E6357E6ABAC087F1B0B,DB4022427904A3E7E55A7B9B9C73F2F2,Aldrich,Steutly
3104,75B9B6DC7FE44437C6E0A69FD863DBAB,24D442921A751003B31D916233618EE7,Dew,Lidgett
3896,4175F2EBB265D58C6D8877841D016D08,70BE079706F23B7C6F7ADC15DD2FBB2B,Zaneta,Phillimore
