idcontentadmin,contentadmin_name,contentadmin_surname,admin_idadmin,idca_hashed_pass,idca_salt
2399,Lee,Courtier,431,BC7F621451B4F5DF308A8E098112185D,0E5EDF8AFFC48B3AC92B7C8637220625
2656,Jeana,Broker,599,1680E9FA7B4DD5D62ECE800239BB53BD,C9E0F933DF2E3A1DA8F82F47DC6855CE
1500,Tiler,Attenbrough,530,CFA5301358B9FCBE7AA45B1CEEA088C6,E8DC4ADA5655096BE425C3AF769002EB
2867,Kelbee,Woolatt,416,1A99F6821980AC99136DCD2F1E9C8740,53C92C278C915F1283E28BACB724F229
1034,Alica,Touson,431,BDB106A0560C4E46CCC488EF010AF787,61E1E742A0326B7E947865DABCF4B60A
1308,Vi,Melan,417,A0872CC5B5CA4CC25076F3D868E1BDF8,8D0945EC7F01DEF31A40932619525CE6
2265,Sadella,Kinastan,553,66E8BA8216A1E152D72653D99A4F03AB,08421A79CBDFFCC9342D5F85B65EA06A
1386,Gretal,Meadley,417,363763E5C3DC3A68B399058C34AECF2C,A468DF13E6CFAA2267C92B473D9945DB
2498,Nissie,Brigstock,553,9AF76329C78E28C977AB1BCD1C3FE9B8,808CF1C1513A117851A9C96E4D5C7AA1
2663,Teodorico,Bedenham,415,908A6F6A6C131A850ECB0E3F11B08189,BBD1C712174950726304FE5B1CB71246
1672,Roseann,Waine,411,2451041557A22145B3701B0184109CAB,94E63F54858B185B0C14E48B21912B7E
1775,Sonnnie,Busswell,476,36D7534290610D9B7E9ABED244DD2F28,CDEA0737E84E269282AD42C25AAFE68F
2027,Michal,Paver,428,9F62B8625F914A002496335037E9AD97,8C436567AE252CCD482E29C6C85A9D9F
2911,Sumner,Smylie,431,EF67F7C2D86352C2C42E19D20F881F53,FB15569849B177FCC7455656E8AA67F8
2703,Neill,Vasyutichev,553,220C77AF02F8AD8561B150D93000DDFF,638F3DCA273FD8B2DDE5E55DA6625625
1530,Abram,McGhee,415,CB8ACB1DC9821BF74E6CA9068032D623,28EDCA3EEF0622F322642D04FB979726
2320,Kira,Laxton,567,A70DC40477BC2ADCEEF4D2C90F47EB82,FBF23800BB148D2799FB6308C97DC7B6
2700,Cully,McCowen,428,F1B0775946BC0329B35B823B86EEB5F5,795D2A19C9E1E655610DD88C8EDDBF46
1404,Enos,Slafford,599,186A157B2992E7DAED3677CE8E9FE40F,C2D0A5F09B7FB95A8441B4C1E21B1EFD
2574,Meara,Doggart,567,8F125DA0B3432ED853C0B6F7EE5AAA6B,B78399A621DB612727E448C8498F92B0
