filmid,filmtitle,filmcategory,filmdescription
4006,sapien placerat ante nulla,eget congue eget semper rutrum,id justo sit
4650,mus etiam vel,platea dictumst maecenas ut massa,porta volutpat quam pede
7934,lectus aliquam sit amet diam,a nibh in quis justo,blandit mi in porttitor
7605,lacus curabitur at ipsum,sapien iaculis congue vivamus,suspendisse potenti in
7237,etiam faucibus cursus urna,adipiscing elit proin,convallis duis consequat
6979,volutpat convallis morbi odio odio,consequat nulla nisl nunc nisl,a odio in hac
3628,varius integer ac,mattis egestas metus aenean fermentum,nibh fusce lacus purus aliquet
1530,non velit donec diam neque,condimentum curabitur in libero,curabitur gravida nisi
3439,in purus eu,varius nulla facilisi cras non,nam tristique tortor
3791,integer ac neque,nunc vestibulum ante ipsum,morbi porttitor lorem id ligula
4941,mattis nibh ligula,non quam nec dui luctus,gravida sem
7472,dapibus at diam nam,augue vestibulum ante ipsum primis,erat eros viverra
4439,dictumst aliquam augue quam sollicitudin,placerat ante nulla justo aliquam,fermentum donec ut mauris eget
9836,volutpat sapien arcu sed,massa id nisl venenatis,in libero
9175,sit amet turpis elementum ligula,eget vulputate ut,nulla facilisi
6178,ac diam cras pellentesque volutpat,faucibus orci luctus et,curae mauris
8156,justo maecenas rhoncus aliquam,pharetra magna vestibulum,id nisl venenatis
4313,ante vivamus tortor,ac est lacinia,consequat ut nulla sed
5911,vitae consectetuer eget,vivamus vestibulum sagittis sapien cum,primis in faucibus
9355,rutrum ac lobortis vel dapibus,primis in faucibus orci,volutpat convallis morbi
5235,urna pretium nisl ut volutpat,sit amet eros suspendisse,auctor sed tristique
9530,augue vestibulum rutrum,convallis nulla neque,molestie sed justo
8309,eget nunc donec quis,vestibulum sagittis sapien cum sociis,nunc vestibulum ante
2919,suscipit a feugiat et,eu sapien cursus vestibulum,sollicitudin vitae consectetuer
5136,platea dictumst maecenas ut,justo maecenas rhoncus aliquam,porttitor pede justo eu massa
1793,et commodo vulputate,aliquet maecenas leo odio condimentum,vestibulum proin eu mi nulla
9696,lorem id ligula,morbi non quam nec dui,fusce lacus purus aliquet
9665,quis tortor id nulla ultrices,in porttitor pede justo,in blandit ultrices enim
6636,volutpat sapien arcu sed,mattis nibh ligula nec,volutpat in congue
2311,velit donec diam neque vestibulum,amet sem fusce consequat,varius nulla
3469,pretium iaculis justo in hac,magna vestibulum aliquet ultrices erat,rhoncus sed vestibulum
1552,sociis natoque penatibus et,luctus et ultrices posuere,pretium nisl ut volutpat
4933,lacinia eget tincidunt eget tempus,ornare imperdiet sapien,dui maecenas tristique
9692,convallis tortor risus dapibus augue,sollicitudin mi sit amet lobortis,ligula suspendisse ornare consequat
5247,ultrices aliquet maecenas,phasellus sit amet erat,ut nunc
8788,nam congue risus,sed justo pellentesque,sed ante vivamus tortor
7154,consectetuer adipiscing elit proin risus,ultrices libero non,tempor turpis
2707,vel lectus in quam,dignissim vestibulum vestibulum,dui luctus
6569,cursus urna ut tellus nulla,in eleifend quam a,nulla sed vel enim
1893,at feugiat non pretium,nulla tempus vivamus in felis,neque duis bibendum morbi non
8952,et ultrices posuere cubilia curae,leo rhoncus sed vestibulum sit,nonummy maecenas
9672,nam dui proin,lacinia nisi venenatis tristique,nibh quisque id
9895,posuere nonummy integer non,volutpat quam pede lobortis ligula,odio in hac
4685,penatibus et magnis dis parturient,ut mauris eget massa,et eros vestibulum ac
6806,amet lobortis sapien sapien non,convallis tortor risus,posuere cubilia
4913,nulla suscipit ligula,tincidunt ante vel,lorem ipsum dolor sit
7808,nonummy integer non,in congue etiam,amet erat nulla tempus vivamus
6670,proin at turpis a,vulputate luctus cum sociis natoque,mattis pulvinar nulla pede ullamcorper
7636,odio justo sollicitudin ut suscipit,sodales sed tincidunt,lorem quisque ut erat
9276,convallis eget eleifend luctus,vestibulum quam sapien varius,sit amet justo morbi
8116,nibh quisque id justo sit,platea dictumst etiam,dui nec nisi volutpat
9865,parturient montes nascetur ridiculus mus,sit amet justo morbi,dapibus duis at
6406,donec odio justo,in porttitor pede,lobortis vel dapibus
2154,consequat lectus in,felis sed lacus morbi,massa tempor convallis nulla
4259,faucibus orci luctus,velit id pretium iaculis diam,turpis nec euismod scelerisque
2910,ultrices aliquet maecenas,amet eleifend pede libero,fusce consequat nulla nisl
8255,sit amet sapien,cubilia curae nulla dapibus,phasellus id
2795,amet cursus id,nec molestie sed justo,integer a nibh
9121,quis odio consequat,lacus morbi sem mauris laoreet,adipiscing elit proin risus
9750,felis ut at,lobortis ligula sit,mauris ullamcorper
3563,justo eu massa,aliquet ultrices erat tortor,est phasellus sit amet
7112,ipsum praesent blandit lacinia,amet diam in magna bibendum,mi nulla
4442,dis parturient montes nascetur,est phasellus sit amet,proin at turpis a
1806,potenti nullam porttitor,justo etiam pretium,sapien urna pretium
5455,congue diam id,diam erat fermentum justo,neque sapien placerat ante
7534,eget massa tempor,in eleifend quam,mi pede malesuada
4049,nisl nunc rhoncus dui,pretium quis lectus suspendisse,non mi
1957,lorem quisque ut,augue vestibulum ante ipsum,duis aliquam convallis nunc proin
4693,id sapien in sapien iaculis,id sapien in sapien,tortor sollicitudin
9772,rutrum nulla nunc purus phasellus,phasellus in felis,fermentum donec ut mauris
5610,ultrices phasellus id sapien,turpis adipiscing lorem vitae,aliquet massa
3937,habitasse platea dictumst morbi vestibulum,consequat ut nulla sed accumsan,nibh quisque id justo sit
8401,purus eu magna,congue risus semper porta volutpat,sapien placerat ante nulla
8440,mauris eget massa tempor,volutpat eleifend donec,at turpis a
4893,nec euismod scelerisque quam,ipsum ac tellus,donec diam neque vestibulum
1147,libero nullam sit amet turpis,pulvinar sed nisl nunc rhoncus,id lobortis convallis
2055,maecenas tristique est et,tortor risus dapibus,porttitor id consequat in
7125,duis ac nibh fusce lacus,nisi nam ultrices libero,luctus tincidunt nulla
3562,lacinia nisi venenatis,nibh in hac habitasse platea,dolor quis odio consequat
1403,vestibulum rutrum rutrum neque,magnis dis parturient montes nascetur,nulla tellus in sagittis dui
5309,natoque penatibus et magnis dis,nibh fusce lacus,in sapien iaculis congue vivamus
3155,pellentesque ultrices mattis odio,potenti nullam porttitor lacus,in lacus curabitur at ipsum
3652,id justo sit,pede malesuada in,in faucibus
7651,semper interdum mauris ullamcorper,magna ac consequat metus sapien,eu orci mauris lacinia sapien
5924,volutpat convallis morbi odio odio,ultrices posuere cubilia curae,pellentesque quisque porta volutpat erat
6097,metus aenean fermentum,volutpat convallis morbi,dictumst morbi vestibulum velit
7776,sit amet consectetuer,et tempus semper est,aenean lectus
5221,sem fusce consequat,turpis nec euismod scelerisque,congue eget semper rutrum nulla
6223,eu magna vulputate,quam pharetra magna ac,ante ipsum primis in faucibus
9507,erat vestibulum sed,quam pharetra magna ac consequat,sociis natoque penatibus et magnis
8123,gravida sem praesent,nulla nisl nunc nisl duis,sem mauris
2051,tempus sit amet sem fusce,magna ac consequat metus,malesuada in
2716,lobortis convallis tortor,volutpat eleifend donec,phasellus id
6164,venenatis non sodales,quisque erat eros viverra,mauris vulputate elementum nullam
2170,libero quis orci nullam,auctor sed tristique in tempus,facilisi cras non
5209,habitasse platea dictumst,ipsum dolor sit amet,duis mattis
7458,nam tristique tortor eu pede,luctus et ultrices posuere cubilia,pulvinar sed nisl nunc
8613,viverra eget congue,semper interdum mauris ullamcorper,odio odio elementum eu
7231,vel lectus in quam,varius integer ac leo,fermentum justo nec
5447,adipiscing molestie hendrerit,magna ac consequat metus sapien,blandit nam nulla integer
3762,morbi ut odio,felis donec semper sapien,turpis elementum ligula vehicula consequat
6916,velit id pretium,imperdiet nullam orci pede venenatis,lobortis sapien sapien non mi
4294,quis turpis eget elit sodales,vel nisl duis,tincidunt eu
2669,enim leo rhoncus sed,volutpat sapien arcu sed,metus sapien ut nunc vestibulum
8784,quis turpis sed ante vivamus,in hac habitasse platea,sed accumsan felis ut
9384,in congue etiam,vivamus vestibulum sagittis sapien cum,adipiscing molestie
6308,velit eu est congue,elit proin risus praesent lectus,ante ipsum primis in faucibus
2691,neque aenean auctor,aliquam sit amet diam,vel est donec odio
5286,justo maecenas rhoncus,ut volutpat sapien arcu,tempus semper
1398,nisl nunc nisl,ut at dolor quis odio,convallis duis
9646,tempor turpis nec euismod,phasellus id sapien in sapien,curabitur at ipsum
8883,rhoncus dui vel sem,velit eu est congue elementum,sodales sed
8385,elementum eu interdum,nulla mollis molestie lorem quisque,integer a nibh in
6262,nisl duis bibendum felis,quam sapien varius,pretium nisl ut
3294,dolor sit amet consectetuer adipiscing,curae nulla dapibus,scelerisque mauris
6060,at nibh in hac habitasse,a libero nam,nec condimentum
4154,primis in faucibus orci luctus,elementum pellentesque quisque porta volutpat,lorem id ligula suspendisse ornare
9879,condimentum neque sapien placerat,erat vestibulum sed magna,dapibus duis
5340,lectus aliquam sit amet diam,ante ipsum primis,tincidunt eget tempus
9537,in eleifend quam a,justo eu massa,platea dictumst morbi
7870,vel nulla eget eros elementum,velit id pretium iaculis,eu felis
6273,primis in faucibus orci,cubilia curae donec pharetra,consequat metus sapien ut
9719,a ipsum integer a,praesent lectus vestibulum quam sapien,erat eros viverra
6750,in hac habitasse platea dictumst,sit amet consectetuer adipiscing,sociis natoque
1870,proin eu mi nulla,erat volutpat in congue,justo etiam
6566,mi nulla ac enim in,molestie hendrerit at,platea dictumst maecenas ut
9561,at nulla suspendisse,nunc commodo placerat praesent,quisque erat eros viverra
5695,felis sed lacus morbi,pede lobortis ligula sit amet,sit amet sem
3348,dictumst etiam faucibus cursus urna,scelerisque mauris sit amet eros,id luctus nec molestie
6012,eleifend luctus ultricies eu,id ligula suspendisse ornare consequat,vivamus vestibulum
6144,sodales scelerisque mauris sit,lacus at turpis donec,dui vel nisl duis
2378,morbi ut odio cras mi,congue risus semper porta,eget eros elementum
5219,id ornare imperdiet sapien,nisi at nibh in hac,lorem ipsum dolor sit
5059,eget semper rutrum nulla,in magna bibendum imperdiet nullam,quis turpis
4471,vestibulum proin eu mi,a pede posuere nonummy integer,quam turpis adipiscing lorem
2793,pellentesque ultrices mattis,suspendisse accumsan tortor quis turpis,sapien sapien
7943,eu felis fusce posuere,in quam fringilla rhoncus mauris,sed tristique in
6533,vivamus tortor duis mattis egestas,sit amet diam,vivamus vestibulum sagittis
1062,pellentesque quisque porta volutpat erat,nulla facilisi cras,turpis donec
4446,nam tristique tortor,in ante vestibulum,nullam molestie nibh in
6859,tincidunt in leo,quam sapien varius ut,ut erat id
2511,diam id ornare imperdiet,donec quis orci eget,praesent blandit lacinia erat
8446,proin leo odio porttitor id,mauris lacinia sapien quis libero,praesent lectus vestibulum
8588,nec sem duis,condimentum id luctus nec molestie,eget eros elementum pellentesque
4588,nunc nisl duis,proin eu mi nulla,nulla tellus in sagittis dui
5831,eu orci mauris,sed tincidunt eu felis fusce,tortor sollicitudin
9884,consectetuer eget rutrum,ac diam cras pellentesque volutpat,curae mauris viverra
8055,mauris sit amet,pulvinar nulla pede,arcu sed augue aliquam
3012,non mattis pulvinar nulla,erat tortor sollicitudin mi,nullam orci pede
8267,posuere cubilia curae,justo aliquam quis turpis eget,consequat metus sapien
9620,lectus in quam fringilla rhoncus,mattis odio donec,magnis dis parturient montes nascetur
5069,sed accumsan felis ut at,gravida nisi at nibh,dui luctus rutrum nulla
8121,consequat morbi a ipsum integer,in congue etiam,vitae quam suspendisse
2454,eget eleifend luctus ultricies,dictumst maecenas ut massa,dolor sit amet
4712,hac habitasse platea dictumst,felis fusce posuere felis,orci eget orci vehicula condimentum
4900,cubilia curae donec,platea dictumst morbi vestibulum velit,mattis nibh ligula nec sem
6653,aliquam sit amet diam in,ut nulla sed accumsan,pretium quis lectus suspendisse potenti
3224,aliquam convallis nunc,nulla mollis molestie,purus phasellus in
7874,ornare imperdiet sapien urna pretium,semper rutrum nulla nunc purus,eu orci
1970,blandit non interdum,felis donec semper,placerat ante nulla
1799,et magnis dis parturient montes,et commodo vulputate,lorem integer
6975,mi nulla ac enim in,lacus at turpis,vestibulum ante ipsum primis
6503,amet lobortis sapien,in congue etiam,amet lobortis sapien sapien
7473,fusce consequat nulla nisl,sapien cum sociis,sem fusce
1468,ipsum primis in faucibus orci,augue luctus tincidunt nulla,sapien ut nunc vestibulum
2276,eget eleifend luctus ultricies,iaculis congue vivamus,lacinia aenean
7462,interdum mauris ullamcorper purus sit,eros vestibulum ac est,ac neque duis bibendum morbi
9477,id ornare imperdiet sapien urna,tristique fusce congue diam,in hac habitasse platea dictumst
1993,eu massa donec dapibus,ligula vehicula consequat,tortor duis mattis egestas metus
8307,aenean auctor gravida sem praesent,turpis elementum ligula vehicula consequat,vestibulum aliquet ultrices erat
7659,odio donec vitae nisi nam,a libero nam dui proin,in sapien iaculis
1308,id lobortis convallis,lacus morbi sem mauris laoreet,tempus sit amet sem fusce
4227,risus auctor sed tristique,enim blandit mi,nulla tempus
1722,ac neque duis bibendum,tellus nulla ut erat,viverra dapibus
5890,tellus nisi eu,primis in faucibus orci,porttitor lacus
5138,justo morbi ut odio,at nunc commodo placerat,rhoncus aliquam
8388,a ipsum integer a nibh,non mi integer,suscipit ligula in lacus
2610,eget eleifend luctus ultricies eu,ut rhoncus aliquet,dictumst aliquam augue quam sollicitudin
6539,sit amet nulla,interdum eu tincidunt in leo,porta volutpat erat
3796,sapien ut nunc,donec semper sapien a,quis augue luctus tincidunt nulla
7604,massa quis augue luctus,at nunc commodo placerat,odio cras mi pede
7555,convallis nunc proin at turpis,eu magna vulputate luctus cum,dictumst maecenas ut massa
8724,tempor turpis nec euismod scelerisque,morbi sem mauris laoreet ut,rutrum neque aenean
1899,nulla suspendisse potenti cras in,felis eu sapien cursus vestibulum,blandit nam
1463,vestibulum ante ipsum primis in,pede venenatis non sodales sed,lobortis sapien
5005,id luctus nec,libero non mattis pulvinar nulla,vel nulla eget eros elementum
2185,pede lobortis ligula,dictumst etiam faucibus cursus urna,justo maecenas
3889,accumsan tortor quis,et ultrices posuere,rutrum nulla
8865,natoque penatibus et magnis,vestibulum ante ipsum,in tempus
4858,integer tincidunt ante,bibendum felis sed interdum,ante vestibulum
7773,sit amet lobortis,convallis duis consequat dui,vestibulum proin eu
5872,integer tincidunt ante vel ipsum,viverra diam vitae,metus sapien ut nunc
2415,ante vestibulum ante ipsum,volutpat convallis morbi odio,in faucibus
3617,quam pede lobortis,neque libero convallis eget,nascetur ridiculus
7833,dis parturient montes,faucibus cursus urna ut tellus,pretium iaculis diam
6506,duis bibendum felis sed,non velit donec,maecenas ut massa
8201,id ligula suspendisse ornare,porttitor id consequat,a feugiat et eros vestibulum
8536,venenatis tristique fusce congue diam,enim lorem ipsum dolor sit,dis parturient
3766,nam congue risus semper porta,in hac habitasse,adipiscing elit
7774,nulla suspendisse potenti,curae mauris viverra diam,primis in faucibus orci luctus
